<?xml version="1.0" encoding="UTF-8" ?>
<module>
    <name>weatherapibox</name>
    <displayName><![CDATA[A WeatherApi Box]]></displayName>
    <version><![CDATA[1.0]]></version>
    <description><![CDATA[Muestra el estado climatol&oacute;gico de la localidad del cliente en el frontend (displayNav1)]]></description>
    <author><![CDATA[Aquiroz]]></author>
    <tab><![CDATA[]]></tab>
	<confirmUninstall><![CDATA[¿Estas seguro de querer remover el modulo?]]></confirmUninstall>
    <is_configurable>1</is_configurable>
    <need_instance>1</need_instance>
	<limited_countries></limited_countries>
</module>